{
  "assetsByChunkName": {
    "vendors~app-account~app-checkout~app-confirmation~app-order": "chunk.abc0ad48d38a9c8ea941.js",
    "vendors~app-account~app-confirmation~app-order": "chunk.d1363e2e8168d12b3bd2.js",
    "vendors~app-account~app-checkout": "chunk.6048e0c600b185abc236.js",
    "vendors~app-cart~app-checkout": "chunk.71fe811f8b1129d7f7fc.js",
    "admin": [
      "admin.48b77c9af8fac013ebea.js",
      "admin.48b77c9af8fac013ebea.js.map"
    ],
    "app-account": "chunk.73be6dd468fa71e7525e.js",
    "app-cart": "chunk.0c046ef3168e8e55eed5.js",
    "app-checkout": "chunk.a4bd336b8307119395da.js",
    "app-confirmation": "chunk.aed195006d3c1c073471.js",
    "app-order": "chunk.bdfc36f789533295106f.js",
    "checkout": [
      "checkout.d21f1fd78bf80df4764c.js",
      "checkout.d21f1fd78bf80df4764c.js.map"
    ],
    "storefront": [
      "storefront.ffaa0d0fdaeed93e1baf.css",
      "storefront.e43e681aa4b4ca1b6cee.js",
      "storefront.ffaa0d0fdaeed93e1baf.css.map",
      "storefront.e43e681aa4b4ca1b6cee.js.map"
    ],
    "vendors~app-cart": "chunk.0713174acab17900ec2d.js"
  }
}