{
  "youtube": "https://www.youtube.com/@multidisciplinar3605",
  "facebook": "https://facebook.com/centromultidisciplinar360",
  "phone": "",
  "doc_number": "47.550.262/0001-93",
  "whatsapp": "(11) 94363-0073",
  "instagram": "https://www.instagram.com/multidisciplinar360/",
  "twitter": "",
  "address": "Av. Paulista, 1106. Cep: 01310-914",
  "tiktok": "",
  "pinterest": "",
  "email": "clarissa@multidisciplinar360.com.br",
  "linkedin": "https://www.linkedin.com/in/tha%C3%ADs-smarzaro-05b78496/"
}