{
  "marketing_stripe": {
    "text": "Conheça a Plataforma Multidisciplinar 360!",
    "link": "https://www.multidisciplinar360.com.br/",
    "background": "#ffffff",
    "color": "#044285"
  },
  "contacts_stripe": {
    "pages": [
      {
        "title": "Sobre nós",
        "link": "/pages/sobre-nos"
      },
      {
        "title": "Para Empresas",
        "link": "https://www.multidisciplinar360.com.br/seja-parceiro"
      },
      {
        "title": "Dúvidas?",
        "link": "https://www.multidisciplinar360.com.br/faq"
      },
      {
        "title": "Suplementação",
        "link": "https://www.multidisciplinar360.com.br/suplementacao"
      }
    ],
    "phone_wpp": true,
    "socials": true
  },
  "categories_list": {
    "featured": [
      "/para-alunos?Para Alunos",
      "/para-familias?Para Famílias",
      "/para-escolas?Para Escolas",
      "/para-terapeutas?Para Terapeutas",
      "/para-professores?Para Professores"
    ],
    "random": 0,
    "full_width": true
  },
  "centralized_logo": false,
  "desktop_megamenu": true,
  "search_input": true,
  "alphabetical_order_submenu": false,
  "full_width_submenu": true
}