{
  "meta_title": "Loja da Multidisciplinar 360: ",
  "meta_description": "Seu Hub de ferramentas e soluções para o aprendizado do aluno neurodivergente ou com defasagem de aprendizado. ",
  "sections": [
    {
      "type": "banner-slider",
      "autoplay": 9000,
      "full_width": true,
      "slides": [
        {
          "start": "",
          "end": "",
          "img": "/img/uploads/md360-loja.png"
        },
        {
          "start": "",
          "end": "",
          "img": "/img/uploads/md360-loja-thais.png"
        },
        {
          "start": "",
          "end": "",
          "img": "/img/uploads/md360-loja-blocos.png",
          "link": "https://lojamd360.com.br/para-alunos"
        },
        {
          "start": "",
          "end": "",
          "img": "/img/uploads/md360-loja-metodologias.png",
          "link": "https://lojamd360.com.br/md360"
        },
        {
          "start": "",
          "end": "",
          "img": "/img/uploads/md360-loja-parceiros.png",
          "link": "https://web.whatsapp.com/send?phone=%2B5511943630073"
        }
      ]
    },
    {
      "type": "collection-shelf",
      "shuffle": true,
      "collection_id": null,
      "sort": "offers",
      "title": "",
      "headless": false,
      "limit": 12,
      "page": 1
    },
    {
      "type": "custom-content",
      "markdown": "![](/img/uploads/faixa-meio-01.png)"
    },
    {
      "type": "shelfs-nav",
      "shuffle": false,
      "limit": 8,
      "page": 1,
      "collection_ids": [
        "651211092cd6b659595d41cc:brands:MD 360:/md360",
        "650b8c612cd6b6595956c4e3:brands:Faz de Pano:/faz-de-pano",
        "650b8d8c2cd6b6595956c5f0:brands:JISA:/jisa",
        "65123f362cd6b659595d7e47:brands:Professores MD 360:/professores-md360",
        "651225ae2cd6b659595d5b86:brands:Profissionais MD 360:/profissionais-md360",
        "65123ed72cd6b659595d7e20:brands:Atendimento Prô Thaís:/pro-thais-smarzaro"
      ]
    },
    {
      "type": "custom-content",
      "markdown": "![](/img/uploads/faixa-meio-02.png)"
    },
    {
      "type": "dynamic-showcase",
      "load_more": true,
      "sort": "news"
    },
    {
      "type": "custom-content",
      "markdown": "A﻿celarados / incubados por:\n\n![](/img/uploads/md-faixa-aceleradoras.png)"
    }
  ]
}